<?xml version="1.0" encoding="UTF-8" standalone="yes"?>
<addon
	id="service.BR_iso_Enhancements"
	name="Blu-Ray iso Enhancements"
	version="0.0.2"
	provider-name="Wimpie"
	>
	<requires>
		<import addon="xbmc.python" version="2.14"/> <!-- Needs Helix -->
	</requires>
	<extension point="xbmc.service" library="default.py" start="login"/>
	<extension point="xbmc.addon.metadata">
		<summary lang="en">Blu-Ray Enhancements</summary>
		<description lang="en">Enables the use of blu-ray iso's for television series, multiple movies on 1 iso get their own movie entrypoint, seamless continuation of multiple disc movies, etc...</description>
		<disclaimer lang="en">For bugs, requests or general questions visit the Blu-Ray iso Enhancements thread on the XBMC forum.</disclaimer>
		<platform>all</platform>
	</extension>
</addon>
